time_period_start,time_period_end,time_open,time_close,price_open,price_high,price_low,price_close,volume_traded,trades_count
2020-04-16T00:00:00.0000000Z,2020-04-17T00:00:00.0000000Z,2020-04-16T00:00:06.6250000Z,2020-04-16T23:59:56.2930000Z,1.0005,1.0022,1.0003,1.0016,5527014.40366535,10481
2020-04-17T00:00:00.0000000Z,2020-04-18T00:00:00.0000000Z,2020-04-17T00:00:56.7420000Z,2020-04-17T23:59:52.8360000Z,1.0016,1.002,1.0,1.0013,4795888.40945866,4735
2020-04-18T00:00:00.0000000Z,2020-04-19T00:00:00.0000000Z,2020-04-18T00:00:16.2120000Z,2020-04-18T23:58:06.9270000Z,1.001,1.002,1.0008,1.0012,3861385.88147183,5299
2020-04-19T00:00:00.0000000Z,2020-04-20T00:00:00.0000000Z,2020-04-19T00:00:14.1880000Z,2020-04-19T23:59:19.9640000Z,1.0012,1.0017,1.0009,1.0015,3503326.6304703,4708
2020-04-20T00:00:00.0000000Z,2020-04-21T00:00:00.0000000Z,2020-04-20T00:00:05.1450000Z,2020-04-20T23:58:48.7390000Z,1.0015,1.0018,1.0006,1.0013,8340081.39601474,8206
2020-04-21T00:00:00.0000000Z,2020-04-22T00:00:00.0000000Z,2020-04-21T00:00:36.6300000Z,2020-04-21T23:55:16.5350000Z,1.0012,1.0019,1.0011,1.0015,5627888.46903048,5887
2020-04-22T00:00:00.0000000Z,2020-04-23T00:00:00.0000000Z,2020-04-22T00:00:33.6200000Z,2020-04-22T23:59:33.5380000Z,1.0016,1.0019,1.0011,1.0014,4755060.4632835,5911
2020-04-23T00:00:00.0000000Z,2020-04-24T00:00:00.0000000Z,2020-04-23T00:00:56.0350000Z,2020-04-23T23:59:55.6140000Z,1.0012,1.002,1.0006,1.0007,6465623.30592568,7807
2020-04-24T00:00:00.0000000Z,2020-04-25T00:00:00.0000000Z,2020-04-24T00:00:07.3660000Z,2020-04-24T23:56:33.2350000Z,1.0009,1.0015,0.9999,1.0015,5805847.00286053,7297
2020-04-25T00:00:00.0000000Z,2020-04-26T00:00:00.0000000Z,2020-04-25T00:00:05.4440000Z,2020-04-25T23:58:51.3580000Z,1.0013,1.0015,1.0001,1.0009,4692783.28427499,6030
2020-04-26T00:00:00.0000000Z,2020-04-27T00:00:00.0000000Z,2020-04-26T00:00:04.2400000Z,2020-04-26T23:59:59.8590000Z,1.001,1.0013,0.9999,1.0009,3460804.36977367,4927
2020-04-27T00:00:00.0000000Z,2020-04-28T00:00:00.0000000Z,2020-04-27T00:00:01.6700000Z,2020-04-27T23:59:39.2490000Z,1.0009,1.0017,1.0007,1.0015,4829886.43653941,5702
2020-04-28T00:00:00.0000000Z,2020-04-29T00:00:00.0000000Z,2020-04-28T00:00:10.5610000Z,2020-04-28T23:59:43.9120000Z,1.0015,1.0019,1.0008,1.0016,5629393.83392482,5624
2020-04-29T00:00:00.0000000Z,2020-04-30T00:00:00.0000000Z,2020-04-29T00:00:02.4110000Z,2020-04-29T23:58:18.6750000Z,1.0016,1.003,1.0009,1.0009,9550141.542957,11527
2020-04-30T00:00:00.0000000Z,2020-05-01T00:00:00.0000000Z,2020-04-30T00:01:02.3290000Z,2020-04-30T23:59:56.0040000Z,1.001,1.0015,0.9885,1.0005,11633690.56720694,13588
2020-05-01T00:00:00.0000000Z,2020-05-02T00:00:00.0000000Z,2020-05-01T00:00:43.7570000Z,2020-05-01T23:57:39.1710000Z,1.0003,1.0016,0.9994,1.0004,6556414.77085483,8199
2020-05-02T00:00:00.0000000Z,2020-05-03T00:00:00.0000000Z,2020-05-02T00:00:19.0030000Z,2020-05-02T23:59:49.6290000Z,1.0004,1.0013,1.0001,1.0012,4473910.62492313,6072
2020-05-03T00:00:00.0000000Z,2020-05-04T00:00:00.0000000Z,2020-05-03T00:01:46.5040000Z,2020-05-03T23:59:36.6440000Z,1.0009,1.0015,1.0,1.0008,6108845.40404065,6934
2020-05-04T00:00:00.0000000Z,2020-05-05T00:00:00.0000000Z,2020-05-04T00:04:26.7150000Z,2020-05-04T23:59:36.2300000Z,1.0009,1.0019,1.0003,1.0017,7024755.96033227,9208
2020-05-05T00:00:00.0000000Z,2020-05-06T00:00:00.0000000Z,2020-05-05T00:00:43.6130000Z,2020-05-05T23:59:59.3380000Z,1.0016,1.0018,1.0006,1.0009,5134229.29115695,6543
2020-05-06T00:00:00.0000000Z,2020-05-07T00:00:00.0000000Z,2020-05-06T00:00:08.0030000Z,2020-05-06T23:59:59.5560000Z,1.001,1.0019,1.0007,1.0013,5566272.8460504,6601
2020-05-07T00:00:00.0000000Z,2020-05-08T00:00:00.0000000Z,2020-05-07T00:00:07.6720000Z,2020-05-07T23:59:56.7690000Z,1.0012,1.0017,1.0002,1.0016,8474002.86113224,10065
2020-05-08T00:00:00.0000000Z,2020-05-09T00:00:00.0000000Z,2020-05-08T00:00:01.7240000Z,2020-05-08T23:59:52.9270000Z,1.0016,1.0021,1.0009,1.0011,7659456.06289798,9481
2020-05-09T00:00:00.0000000Z,2020-05-10T00:00:00.0000000Z,2020-05-09T00:00:02.2350000Z,2020-05-09T23:59:51.4890000Z,1.001,1.0012,0.9999,1.0,6413768.11788473,7547
2020-05-10T00:00:00.0000000Z,2020-05-11T00:00:00.0000000Z,2020-05-10T00:00:06.5350000Z,2020-05-10T23:59:57.9620000Z,0.9999,1.0012,0.9992,1.0003,15459394.19043693,17816
2020-05-11T00:00:00.0000000Z,2020-05-12T00:00:00.0000000Z,2020-05-11T00:00:06.8610000Z,2020-05-11T23:59:59.1910000Z,1.0003,1.0013,1.0,1.0007,9854928.41744071,11340
2020-05-12T00:00:00.0000000Z,2020-05-13T00:00:00.0000000Z,2020-05-12T00:00:01.2760000Z,2020-05-12T23:59:50.1970000Z,1.0007,1.0009,1.0,1.0007,8968231.96828969,7583
2020-05-13T00:00:00.0000000Z,2020-05-14T00:00:00.0000000Z,2020-05-13T00:00:01.7620000Z,2020-05-13T23:53:15.7920000Z,1.0007,1.0016,1.0002,1.0012,10393179.33910476,8526
2020-05-14T00:00:00.0000000Z,2020-05-15T00:00:00.0000000Z,2020-05-14T00:01:10.8400000Z,2020-05-14T23:59:09.5170000Z,1.0012,1.0012,0.9994,1.0002,9893638.29276338,8230
2020-05-15T00:00:00.0000000Z,2020-05-16T00:00:00.0000000Z,2020-05-15T00:00:11.2060000Z,2020-05-15T23:59:58.0190000Z,1.0003,1.0006,0.9982,0.9993,5120804.60488891,6431
2020-05-16T00:00:00.0000000Z,2020-05-17T00:00:00.0000000Z,2020-05-16T00:00:07.3600000Z,2020-05-16T23:57:12.8410000Z,0.9993,1.0,0.9987,0.9997,3419048.05323442,4769
2020-05-17T00:00:00.0000000Z,2020-05-18T00:00:00.0000000Z,2020-05-17T00:00:05.6790000Z,2020-05-17T23:57:34.2450000Z,0.9997,1.0006,0.9994,0.9999,2786745.14186909,5804
2020-05-18T00:00:00.0000000Z,2020-05-19T00:00:00.0000000Z,2020-05-18T00:01:29.3660000Z,2020-05-18T23:59:07.5870000Z,0.9999,1.0001,0.9986,0.9996,4341011.7445426,6447
2020-05-19T00:00:00.0000000Z,2020-05-20T00:00:00.0000000Z,2020-05-19T00:00:01.9560000Z,2020-05-19T23:59:43.1130000Z,0.9996,1.0005,0.9985,1.0002,5100857.06313266,5866
2020-05-20T00:00:00.0000000Z,2020-05-21T00:00:00.0000000Z,2020-05-20T00:00:17.3950000Z,2020-05-20T23:59:42.8590000Z,1.0005,1.0005,0.9986,0.9994,6150689.98662349,7675
2020-05-21T00:00:00.0000000Z,2020-05-22T00:00:00.0000000Z,2020-05-21T00:00:14.2950000Z,2020-05-21T23:59:26.3160000Z,0.9995,0.9996,0.9978,0.9988,6807123.3195008,9244
2020-05-22T00:00:00.0000000Z,2020-05-23T00:00:00.0000000Z,2020-05-22T00:00:11.8550000Z,2020-05-22T23:59:33.3040000Z,0.999,1.0004,0.9984,1.0,6633850.31856596,8120
2020-05-23T00:00:00.0000000Z,2020-05-24T00:00:00.0000000Z,2020-05-23T00:00:08.7880000Z,2020-05-23T23:58:19.2890000Z,0.9999,1.0005,0.9997,1.0001,3742322.22980732,4804
2020-05-24T00:00:00.0000000Z,2020-05-25T00:00:00.0000000Z,2020-05-24T00:00:01.9890000Z,2020-05-24T23:59:59.9450000Z,1.0001,1.0005,0.999,0.9994,5357306.24981557,6816
2020-05-25T00:00:00.0000000Z,2020-05-26T00:00:00.0000000Z,2020-05-25T00:00:01.4050000Z,2020-05-25T23:59:11.8010000Z,0.9994,1.0002,0.999,0.9999,5279641.73398486,6328
2020-05-26T00:00:00.0000000Z,2020-05-27T00:00:00.0000000Z,2020-05-26T00:00:36.9830000Z,2020-05-26T23:58:22.5210000Z,0.9999,1.0002,0.9995,0.9999,4154743.9980806,5389
2020-05-27T00:00:00.0000000Z,2020-05-28T00:00:00.0000000Z,2020-05-27T00:00:11.9130000Z,2020-05-27T23:59:58.4300000Z,1.0,1.006,0.9994,1.0,8243662.83200225,6540
2020-05-28T00:00:00.0000000Z,2020-05-29T00:00:00.0000000Z,2020-05-28T00:00:01.1760000Z,2020-05-28T23:59:50.6820000Z,0.9999,1.0006,0.9994,1.0002,6552475.50693461,8035
2020-05-29T00:00:00.0000000Z,2020-05-30T00:00:00.0000000Z,2020-05-29T00:00:10.5400000Z,2020-05-29T23:59:53.9990000Z,1.0001,1.0005,0.9992,0.9996,6965000.76799473,8325
2020-05-30T00:00:00.0000000Z,2020-05-31T00:00:00.0000000Z,2020-05-30T00:00:02.1130000Z,2020-05-30T23:59:48.1340000Z,0.9996,1.0002,0.9993,1.0,7970566.60996902,11848
2020-05-31T00:00:00.0000000Z,2020-06-01T00:00:00.0000000Z,2020-05-31T00:00:04.5490000Z,2020-05-31T23:59:57.9820000Z,1.0,1.0003,0.9991,0.9994,8799021.59639193,11382
2020-06-01T00:00:00.0000000Z,2020-06-02T00:00:00.0000000Z,2020-06-01T00:00:03.0930000Z,2020-06-01T23:59:51.0490000Z,0.9994,1.0039,0.9984,1.0012,12171035.09387122,15361
2020-06-02T00:00:00.0000000Z,2020-06-03T00:00:00.0000000Z,2020-06-02T00:00:03.5890000Z,2020-06-02T23:59:52.6330000Z,1.0012,1.0016,0.9992,0.9998,15400912.93320316,14540
2020-06-03T00:00:00.0000000Z,2020-06-04T00:00:00.0000000Z,2020-06-03T00:00:02.0620000Z,2020-06-03T23:59:16.7450000Z,0.9998,1.0007,0.9993,0.9999,7727970.6810916,10018
2020-06-04T00:00:00.0000000Z,2020-06-05T00:00:00.0000000Z,2020-06-04T00:00:19.6690000Z,2020-06-04T23:59:23.0230000Z,0.9999,1.0003,0.9991,0.9999,7609734.45274585,9638
2020-06-05T00:00:00.0000000Z,2020-06-06T00:00:00.0000000Z,2020-06-05T00:00:02.0170000Z,2020-06-05T23:59:32.1810000Z,0.9999,1.0002,0.9993,0.9995,4849589.45040624,7049
2020-06-06T00:00:00.0000000Z,2020-06-07T00:00:00.0000000Z,2020-06-06T00:00:23.7200000Z,2020-06-06T23:58:52.6260000Z,0.9995,1.0001,0.9992,0.9998,2989914.68606875,5252
2020-06-07T00:00:00.0000000Z,2020-06-08T00:00:00.0000000Z,2020-06-07T00:00:16.8450000Z,2020-06-07T23:59:27.4980000Z,0.9999,1.0005,0.9994,1.0005,4520376.49227905,7253
2020-06-08T00:00:00.0000000Z,2020-06-09T00:00:00.0000000Z,2020-06-08T00:00:01.9750000Z,2020-06-08T23:59:41.1730000Z,1.0004,1.0007,0.9999,1.0006,5826183.28376454,5920
2020-06-09T00:00:00.0000000Z,2020-06-10T00:00:00.0000000Z,2020-06-09T00:00:10.5070000Z,2020-06-09T23:59:18.4570000Z,1.0006,1.001,0.9999,1.0006,5571269.85092354,7182
2020-06-10T00:00:00.0000000Z,2020-06-11T00:00:00.0000000Z,2020-06-10T00:00:02.8830000Z,2020-06-10T23:59:54.5800000Z,1.0006,1.0009,0.9998,1.0005,6122105.88569951,7997
2020-06-11T00:00:00.0000000Z,2020-06-12T00:00:00.0000000Z,2020-06-11T00:00:08.0160000Z,2020-06-11T23:59:53.6350000Z,1.0005,1.0007,0.9973,0.9986,7281583.99946752,11286
2020-06-12T00:00:00.0000000Z,2020-06-13T00:00:00.0000000Z,2020-06-12T00:00:12.2310000Z,2020-06-12T23:59:51.9150000Z,0.9986,0.9998,0.9983,0.9995,4726143.3286361,7612
2020-06-13T00:00:00.0000000Z,2020-06-14T00:00:00.0000000Z,2020-06-13T00:00:27.1980000Z,2020-06-13T23:59:26.1960000Z,0.9995,1.0,0.9994,0.9998,1594254.8832051,4019
2020-06-14T00:00:00.0000000Z,2020-06-15T00:00:00.0000000Z,2020-06-14T00:00:05.7690000Z,2020-06-14T23:58:47.9950000Z,0.9999,0.9999,0.999,0.9994,2325721.09590046,4448
2020-06-15T00:00:00.0000000Z,2020-06-16T00:00:00.0000000Z,2020-06-15T00:00:11.2210000Z,2020-06-15T23:59:42.7530000Z,0.9993,1.0005,0.9981,1.0003,8132921.40631556,12228
2020-06-16T00:00:00.0000000Z,2020-06-17T00:00:00.0000000Z,2020-06-16T00:00:04.9700000Z,2020-06-16T23:59:51.3130000Z,1.0002,1.0006,0.9993,0.9999,4769870.36345643,6067
2020-06-17T00:00:00.0000000Z,2020-06-18T00:00:00.0000000Z,2020-06-17T00:00:04.0660000Z,2020-06-17T23:59:13.5620000Z,0.9999,0.9999,0.9986,0.9989,5032179.9536809,7861
2020-06-18T00:00:00.0000000Z,2020-06-19T00:00:00.0000000Z,2020-06-18T00:00:52.0420000Z,2020-06-18T23:59:20.1440000Z,0.9989,0.9995,0.9987,0.9988,5075391.83909635,6545
2020-06-19T00:00:00.0000000Z,2020-06-20T00:00:00.0000000Z,2020-06-19T00:00:21.6270000Z,2020-06-19T23:59:55.0380000Z,0.9988,0.9996,0.9977,0.9986,7449052.80255405,6374
2020-06-20T00:00:00.0000000Z,2020-06-21T00:00:00.0000000Z,2020-06-20T00:00:34.0580000Z,2020-06-20T23:59:35.7660000Z,0.9986,0.9995,0.9986,0.9994,2608203.70840386,4465
2020-06-21T00:00:00.0000000Z,2020-06-22T00:00:00.0000000Z,2020-06-21T00:00:02.9320000Z,2020-06-21T23:57:15.5180000Z,0.9994,0.9996,0.9987,0.999,2418997.8791607,3432
2020-06-22T00:00:00.0000000Z,2020-06-23T00:00:00.0000000Z,2020-06-22T00:01:15.4550000Z,2020-06-22T23:59:22.4980000Z,0.999,1.0006,0.9986,1.0002,7966028.15988253,7246
2020-06-23T00:00:00.0000000Z,2020-06-24T00:00:00.0000000Z,2020-06-23T00:00:05.4350000Z,2020-06-23T23:57:30.5240000Z,1.0003,1.0003,0.9992,0.9997,5522835.94764198,7241
2020-06-24T00:00:00.0000000Z,2020-06-25T00:00:00.0000000Z,2020-06-24T00:00:06.5060000Z,2020-06-24T23:59:28.3980000Z,0.9998,0.9998,0.998,0.9988,4730737.21868275,7893
2020-06-25T00:00:00.0000000Z,2020-06-26T00:00:00.0000000Z,2020-06-25T00:00:00.2780000Z,2020-06-25T23:57:38.7990000Z,0.9988,0.9995,0.9975,0.9989,6708999.44604822,7067
2020-06-26T00:00:00.0000000Z,2020-06-27T00:00:00.0000000Z,2020-06-26T00:00:53.0960000Z,2020-06-26T23:59:52.9120000Z,0.9987,0.9992,0.9982,0.9992,3580195.75470813,5198
2020-06-27T00:00:00.0000000Z,2020-06-28T00:00:00.0000000Z,2020-06-27T00:01:10.4650000Z,2020-06-27T23:58:11.3930000Z,0.9991,0.9993,0.9982,0.999,4553420.45280507,7975
2020-06-28T00:00:00.0000000Z,2020-06-29T00:00:00.0000000Z,2020-06-28T00:00:40.1310000Z,2020-06-28T23:59:59.2020000Z,0.9991,0.9995,0.9988,0.9994,2622219.78886724,6024
2020-06-29T00:00:00.0000000Z,2020-06-30T00:00:00.0000000Z,2020-06-29T00:00:01.1940000Z,2020-06-29T23:59:15.9110000Z,0.9994,0.9998,0.9983,0.9994,6776153.28000263,7607
2020-06-30T00:00:00.0000000Z,2020-07-01T00:00:00.0000000Z,2020-06-30T00:01:36.2000000Z,2020-06-30T23:59:53.8870000Z,0.9995,1.0001,0.9991,0.9998,5818341.38192023,5684
2020-07-01T00:00:00.0000000Z,2020-07-02T00:00:00.0000000Z,2020-07-01T00:00:47.3820000Z,2020-07-01T23:59:42.4690000Z,0.9998,1.0006,0.9992,1.0005,6500534.07906572,7632
2020-07-02T00:00:00.0000000Z,2020-07-03T00:00:00.0000000Z,2020-07-02T00:00:34.9040000Z,2020-07-02T23:59:54.9080000Z,1.0004,1.0007,0.9992,1.0001,5557975.06700441,8971
2020-07-03T00:00:00.0000000Z,2020-07-04T00:00:00.0000000Z,2020-07-03T00:00:06.0980000Z,2020-07-03T23:59:14.9960000Z,1.0001,1.0002,0.9991,1.0,4901055.60202288,7172
2020-07-04T00:00:00.0000000Z,2020-07-05T00:00:00.0000000Z,2020-07-04T00:01:16.9100000Z,2020-07-04T23:59:47.4700000Z,1.0,1.0004,0.9998,1.0003,1709308.55034641,4226
2020-07-05T00:00:00.0000000Z,2020-07-06T00:00:00.0000000Z,2020-07-05T00:00:01.7770000Z,2020-07-05T23:59:57.8250000Z,1.0003,1.0004,0.9998,1.0004,2163861.57492175,4656
2020-07-06T00:00:00.0000000Z,2020-07-07T00:00:00.0000000Z,2020-07-06T00:00:01.8920000Z,2020-07-06T23:59:53.4760000Z,1.0004,1.0004,0.9997,1.0002,5296919.78768277,8375
2020-07-07T00:00:00.0000000Z,2020-07-08T00:00:00.0000000Z,2020-07-07T00:00:09.5590000Z,2020-07-07T23:59:46.5050000Z,1.0002,1.0005,0.9998,1.0001,4229921.16500357,7892
2020-07-08T00:00:00.0000000Z,2020-07-09T00:00:00.0000000Z,2020-07-08T00:00:18.0080000Z,2020-07-08T23:59:55.4960000Z,1.0001,1.0007,0.9993,1.0003,8065624.78266018,11272
2020-07-09T00:00:00.0000000Z,2020-07-10T00:00:00.0000000Z,2020-07-09T00:00:11.7770000Z,2020-07-09T23:59:49.4370000Z,1.0003,1.0006,0.9994,0.9997,6108224.33861027,10416
2020-07-10T00:00:00.0000000Z,2020-07-11T00:00:00.0000000Z,2020-07-10T00:00:02.3950000Z,2020-07-10T23:58:46.1180000Z,0.9998,1.0002,0.9988,0.9999,7526867.74830258,10489
2020-07-11T00:00:00.0000000Z,2020-07-12T00:00:00.0000000Z,2020-07-11T00:00:08.0930000Z,2020-07-11T23:59:19.6140000Z,0.9998,1.0,0.9996,0.9997,2023951.76559688,6135
2020-07-12T00:00:00.0000000Z,2020-07-13T00:00:00.0000000Z,2020-07-12T00:01:21.1060000Z,2020-07-12T23:59:58.9650000Z,0.9997,1.0004,0.9997,1.0001,3081840.2677583,8056
2020-07-13T00:00:00.0000000Z,2020-07-14T00:00:00.0000000Z,2020-07-13T00:00:03.8460000Z,2020-07-13T23:58:35.9090000Z,1.0001,1.0002,0.9991,0.9992,6783672.98596717,12418
2020-07-14T00:00:00.0000000Z,2020-07-15T00:00:00.0000000Z,2020-07-14T00:00:00.5460000Z,2020-07-14T23:58:57.1730000Z,0.9994,1.0,0.9991,0.9998,4978028.87190213,9983
2020-07-15T00:00:00.0000000Z,2020-07-16T00:00:00.0000000Z,2020-07-15T00:00:05.9420000Z,2020-07-15T23:59:36.2900000Z,0.9998,0.9999,0.9986,0.9989,5653871.64346803,10270
2020-07-16T00:00:00.0000000Z,2020-07-17T00:00:00.0000000Z,2020-07-16T00:00:05.6280000Z,2020-07-16T23:59:45.7210000Z,0.9989,0.9996,0.9984,0.9995,6430612.17606772,13328
2020-07-17T00:00:00.0000000Z,2020-07-18T00:00:00.0000000Z,2020-07-17T00:00:02.3950000Z,2020-07-17T23:59:49.7930000Z,0.9996,0.9998,0.9981,0.9998,5651608.53962439,8613
2020-07-18T00:00:00.0000000Z,2020-07-19T00:00:00.0000000Z,2020-07-18T00:00:08.9780000Z,2020-07-18T23:58:13.5840000Z,0.9998,1.0005,0.9995,1.0003,2955564.25057317,7497
2020-07-19T00:00:00.0000000Z,2020-07-20T00:00:00.0000000Z,2020-07-19T00:00:05.2390000Z,2020-07-19T23:59:46.4290000Z,1.0003,1.0007,0.9998,1.0005,1980252.76253571,5911
2020-07-20T00:00:00.0000000Z,2020-07-21T00:00:00.0000000Z,2020-07-20T00:00:04.5020000Z,2020-07-20T23:59:23.7290000Z,1.0005,1.0007,0.9998,1.0,5906671.7633767,9411
2020-07-21T00:00:00.0000000Z,2020-07-22T00:00:00.0000000Z,2020-07-21T00:00:00.4080000Z,2020-07-21T23:59:57.6960000Z,1.0,1.001,0.9994,1.0005,7831626.85740339,10625
2020-07-22T00:00:00.0000000Z,2020-07-23T00:00:00.0000000Z,2020-07-22T00:00:03.8820000Z,2020-07-22T23:32:27.3920000Z,1.0005,1.002,1.0003,1.0013,6919938.32473086,9271
2020-07-23T00:00:00.0000000Z,2020-07-24T00:00:00.0000000Z,2020-07-23T00:08:07.2010000Z,2020-07-23T23:59:59.5630000Z,1.0013,1.0021,1.0006,1.001,10269593.52214672,11635
2020-07-24T00:00:00.0000000Z,2020-07-25T00:00:00.0000000Z,2020-07-24T00:00:45.5540000Z,2020-07-24T23:57:08.5390000Z,1.001,1.0016,1.0003,1.0013,7096864.98465863,9016
2020-07-25T00:00:00.0000000Z,2020-07-26T00:00:00.0000000Z,2020-07-25T00:00:02.0430000Z,2020-07-25T23:59:12.4930000Z,1.0012,1.0016,1.0007,1.0012,3774260.52963034,8783
2020-07-26T00:00:00.0000000Z,2020-07-27T00:00:00.0000000Z,2020-07-26T00:00:05.9500000Z,2020-07-26T23:59:58.8930000Z,1.0012,1.0044,1.0003,1.0008,5964241.60923773,13436
2020-07-27T00:00:00.0000000Z,2020-07-28T00:00:00.0000000Z,2020-07-27T00:00:56.0980000Z,2020-07-27T23:59:53.4250000Z,1.0008,1.0025,1.0002,1.0019,13001819.77969675,18004
2020-07-28T00:00:00.0000000Z,2020-07-29T00:00:00.0000000Z,2020-07-28T00:00:23.3080000Z,2020-07-28T23:59:56.1520000Z,1.002,1.002,1.0,1.0018,11749860.62098379,17585
2020-07-29T00:00:00.0000000Z,2020-07-30T00:00:00.0000000Z,2020-07-29T00:00:32.4530000Z,2020-07-29T23:59:31.8350000Z,1.0018,1.0019,1.0003,1.0009,9815956.74806158,12461
2020-07-30T00:00:00.0000000Z,2020-07-31T00:00:00.0000000Z,2020-07-30T00:00:04.7170000Z,2020-07-30T23:59:49.6930000Z,1.0008,1.0016,1.0002,1.0012,9221891.46886734,10152
2020-07-31T00:00:00.0000000Z,2020-08-01T00:00:00.0000000Z,2020-07-31T00:00:02.6160000Z,2020-07-31T23:59:54.4650000Z,1.0012,1.002,1.0005,1.0015,6760755.21792773,8432
2020-08-01T00:00:00.0000000Z,2020-08-02T00:00:00.0000000Z,2020-08-01T00:00:25.6310000Z,2020-08-01T23:59:29.3160000Z,1.0014,1.0025,1.0005,1.0014,7760592.9303704,15319
2020-08-02T00:00:00.0000000Z,2020-08-03T00:00:00.0000000Z,2020-08-02T00:00:04.2030000Z,2020-08-02T23:59:24.4010000Z,1.0015,1.002,1.0,1.0003,13145297.79473281,21169
2020-08-03T00:00:00.0000000Z,2020-08-04T00:00:00.0000000Z,2020-08-03T00:00:27.9390000Z,2020-08-03T23:59:59.7170000Z,1.0003,1.0014,1.0,1.0007,7911139.8946307,13440
2020-08-04T00:00:00.0000000Z,2020-08-05T00:00:00.0000000Z,2020-08-04T00:00:00.1020000Z,2020-08-04T23:59:55.2580000Z,1.0007,1.0009,1.0,1.0006,8402054.36352,11281
2020-08-05T00:00:00.0000000Z,2020-08-06T00:00:00.0000000Z,2020-08-05T00:00:01.4000000Z,2020-08-05T23:59:18.3530000Z,1.0006,1.0018,0.9999,1.0012,7882350.96129195,11101
2020-08-06T00:00:00.0000000Z,2020-08-07T00:00:00.0000000Z,2020-08-06T00:00:02.9900000Z,2020-08-06T23:59:51.9850000Z,1.0011,1.0014,1.0003,1.0009,6718958.53422214,11535
2020-08-07T00:00:00.0000000Z,2020-08-08T00:00:00.0000000Z,2020-08-07T00:00:21.4060000Z,2020-08-07T23:59:59.4120000Z,1.0008,1.0014,1.0,1.0009,8696429.17116787,12856
2020-08-08T00:00:00.0000000Z,2020-08-09T00:00:00.0000000Z,2020-08-08T00:00:00.7130000Z,2020-08-08T23:59:58.4840000Z,1.0009,1.0015,1.0003,1.0007,5497926.45313149,11484
2020-08-09T00:00:00.0000000Z,2020-08-10T00:00:00.0000000Z,2020-08-09T00:00:03.5880000Z,2020-08-09T23:59:28.8890000Z,1.0007,1.0013,1.0004,1.0005,6262958.92371423,12634
2020-08-10T00:00:00.0000000Z,2020-08-11T00:00:00.0000000Z,2020-08-10T00:00:28.0780000Z,2020-08-10T23:59:43.7920000Z,1.0006,1.0025,1.0002,1.0008,19208381.8821433,37495
2020-08-11T00:00:00.0000000Z,2020-08-12T00:00:00.0000000Z,2020-08-11T00:00:48.1710000Z,2020-08-11T23:59:46.8000000Z,1.0008,1.0013,0.9997,0.9999,12633593.47098091,18072
2020-08-12T00:00:00.0000000Z,2020-08-13T00:00:00.0000000Z,2020-08-12T00:00:11.0870000Z,2020-08-12T23:59:15.3990000Z,0.9998,1.001,0.9997,1.0003,10256768.21579429,16126
2020-08-13T00:00:00.0000000Z,2020-08-14T00:00:00.0000000Z,2020-08-13T00:00:07.0440000Z,2020-08-13T23:59:57.3780000Z,1.0001,1.0016,0.9999,1.0011,13947575.85883444,20608
2020-08-14T00:00:00.0000000Z,2020-08-15T00:00:00.0000000Z,2020-08-14T00:00:02.0240000Z,2020-08-14T23:59:27.6310000Z,1.0012,1.0022,1.0006,1.0013,12436201.59213571,15256
2020-08-15T00:00:00.0000000Z,2020-08-16T00:00:00.0000000Z,2020-08-15T00:00:40.4710000Z,2020-08-15T23:59:44.3560000Z,1.0014,1.0014,1.0001,1.0004,8357094.14196532,14519
2020-08-16T00:00:00.0000000Z,2020-08-17T00:00:00.0000000Z,2020-08-16T00:00:14.4690000Z,2020-08-16T23:59:52.3310000Z,1.0004,1.001,1.0,1.0004,8940517.40328742,14230
2020-08-17T00:00:00.0000000Z,2020-08-18T00:00:00.0000000Z,2020-08-17T00:00:24.3880000Z,2020-08-17T23:59:54.5990000Z,1.0003,1.0029,1.0,1.0011,15761288.72920991,22197
2020-08-18T00:00:00.0000000Z,2020-08-19T00:00:00.0000000Z,2020-08-18T00:00:05.2300000Z,2020-08-18T23:59:58.4990000Z,1.0011,1.0015,1.0,1.001,15628183.22585239,21160
2020-08-19T00:00:00.0000000Z,2020-08-20T00:00:00.0000000Z,2020-08-19T00:00:21.4680000Z,2020-08-19T23:59:59.9530000Z,1.0009,1.001,0.9998,1.0002,14720531.71269315,17650
2020-08-20T00:00:00.0000000Z,2020-08-21T00:00:00.0000000Z,2020-08-20T00:00:16.2040000Z,2020-08-20T23:59:38.1450000Z,1.0002,1.0015,0.9999,1.0009,13314991.47008769,15068
2020-08-21T00:00:00.0000000Z,2020-08-22T00:00:00.0000000Z,2020-08-21T00:00:01.2140000Z,2020-08-21T23:59:59.0620000Z,1.0008,1.0013,0.9998,1.0,18793798.63702958,24012
2020-08-22T00:00:00.0000000Z,2020-08-23T00:00:00.0000000Z,2020-08-22T00:00:00.1180000Z,2020-08-22T23:59:57.8950000Z,1.0,1.0007,0.9994,1.0002,11435238.57045955,16517
2020-08-23T00:00:00.0000000Z,2020-08-24T00:00:00.0000000Z,2020-08-23T00:00:09.4350000Z,2020-08-23T23:59:30.3500000Z,1.0003,1.0008,0.9998,1.0004,6662041.25579966,10174
2020-08-24T00:00:00.0000000Z,2020-08-25T00:00:00.0000000Z,2020-08-24T00:00:22.0870000Z,2020-08-24T23:59:55.7990000Z,1.0004,1.0008,0.9998,1.0004,11871669.30845692,14130
2020-08-25T00:00:00.0000000Z,2020-08-26T00:00:00.0000000Z,2020-08-25T00:00:09.9450000Z,2020-08-25T23:59:59.9150000Z,1.0004,1.0007,0.9996,1.0003,16631759.22726539,19086
2020-08-26T00:00:00.0000000Z,2020-08-27T00:00:00.0000000Z,2020-08-26T00:00:04.7730000Z,2020-08-26T23:59:43.7270000Z,1.0003,1.001,0.9999,1.0003,14471047.26945265,15593
2020-08-27T00:00:00.0000000Z,2020-08-28T00:00:00.0000000Z,2020-08-27T00:00:14.9740000Z,2020-08-27T23:59:22.9750000Z,1.0003,1.0016,0.9998,1.0004,17735225.36474023,18186
2020-08-28T00:00:00.0000000Z,2020-08-29T00:00:00.0000000Z,2020-08-28T00:00:04.0040000Z,2020-08-28T23:59:49.5570000Z,1.0004,1.0012,1.0,1.0006,12903402.7927321,13259
2020-08-29T00:00:00.0000000Z,2020-08-30T00:00:00.0000000Z,2020-08-29T00:00:10.7450000Z,2020-08-29T23:59:59.7380000Z,1.0006,1.0012,1.0,1.0003,7536338.39193062,8451
2020-08-30T00:00:00.0000000Z,2020-08-31T00:00:00.0000000Z,2020-08-30T00:00:11.2900000Z,2020-08-30T23:59:56.3880000Z,1.0004,1.0007,0.9997,1.0001,7085822.22608144,9394
2020-08-31T00:00:00.0000000Z,2020-09-01T00:00:00.0000000Z,2020-08-31T00:00:15.8950000Z,2020-08-31T23:59:54.5840000Z,1.0001,1.002,0.9997,1.0002,18032688.34498098,13091
2020-09-01T00:00:00.0000000Z,2020-09-02T00:00:00.0000000Z,2020-09-01T00:00:05.3680000Z,2020-09-01T23:58:57.5420000Z,1.0002,1.0018,1.0002,1.0004,17919156.31220015,15845
2020-09-02T00:00:00.0000000Z,2020-09-03T00:00:00.0000000Z,2020-09-02T00:00:01.9600000Z,2020-09-02T23:59:56.3190000Z,1.0005,1.0018,1.0,1.001,24467044.21435095,20113
2020-09-03T00:00:00.0000000Z,2020-09-04T00:00:00.0000000Z,2020-09-03T00:00:01.0320000Z,2020-09-03T23:59:59.1250000Z,1.0009,1.0023,1.0001,1.0015,24982602.3145178,22843
2020-09-04T00:00:00.0000000Z,2020-09-05T00:00:00.0000000Z,2020-09-04T00:00:00.3580000Z,2020-09-04T23:59:55.3960000Z,1.0015,1.0017,1.0004,1.0008,17962449.9551298,20979
2020-09-05T00:00:00.0000000Z,2020-09-06T00:00:00.0000000Z,2020-09-05T00:00:06.3340000Z,2020-09-05T23:59:27.3100000Z,1.0008,1.0008,1.0,1.0002,15683959.96011437,21626
2020-09-06T00:00:00.0000000Z,2020-09-07T00:00:00.0000000Z,2020-09-06T00:00:13.8020000Z,2020-09-06T23:58:08.4190000Z,1.0002,1.0007,0.9997,0.9998,8288570.61961666,12815
2020-09-07T00:00:00.0000000Z,2020-09-08T00:00:00.0000000Z,2020-09-07T00:00:19.5920000Z,2020-09-07T23:58:58.7820000Z,0.9998,1.0005,0.9996,1.0,12355004.88230382,14699
2020-09-08T00:00:00.0000000Z,2020-09-09T00:00:00.0000000Z,2020-09-08T00:00:05.4660000Z,2020-09-08T23:59:50.6040000Z,1.0,1.0007,0.9998,1.0001,17332922.11554802,13413
2020-09-09T00:00:00.0000000Z,2020-09-10T00:00:00.0000000Z,2020-09-09T00:00:08.9380000Z,2020-09-09T23:59:24.1470000Z,1.0001,1.001,0.9999,1.0001,14552441.77868388,12446
2020-09-10T00:00:00.0000000Z,2020-09-11T00:00:00.0000000Z,2020-09-10T00:00:00.7540000Z,2020-09-10T23:59:44.4260000Z,1.0001,1.0009,1.0,1.0003,19996914.78018511,13144
2020-09-11T00:00:00.0000000Z,2020-09-12T00:00:00.0000000Z,2020-09-11T00:00:02.8160000Z,2020-09-11T23:59:57.2300000Z,1.0003,1.0006,1.0,1.0005,13736787.77000127,9693
2020-09-12T00:00:00.0000000Z,2020-09-13T00:00:00.0000000Z,2020-09-12T00:00:03.0490000Z,2020-09-12T23:59:51.7800000Z,1.0005,1.0005,0.9999,1.0002,6361483.85860466,4996
2020-09-13T00:00:00.0000000Z,2020-09-14T00:00:00.0000000Z,2020-09-13T00:00:02.4720000Z,2020-09-13T23:59:24.0540000Z,1.0002,1.0007,0.9999,1.0,9972665.69072822,8423
2020-09-14T00:00:00.0000000Z,2020-09-15T00:00:00.0000000Z,2020-09-14T00:00:02.8690000Z,2020-09-14T23:59:44.0580000Z,1.0,1.0012,0.9999,1.0003,14322251.84204541,11312
2020-09-15T00:00:00.0000000Z,2020-09-16T00:00:00.0000000Z,2020-09-15T00:01:17.6490000Z,2020-09-15T23:59:25.3150000Z,1.0004,1.0011,1.0,1.0002,17320320.66301088,12145
2020-09-16T00:00:00.0000000Z,2020-09-17T00:00:00.0000000Z,2020-09-16T00:00:12.8710000Z,2020-09-16T23:58:13.4770000Z,1.0002,1.0009,0.9998,1.0004,18829313.43151568,12335
2020-09-17T00:00:00.0000000Z,2020-09-18T00:00:00.0000000Z,2020-09-17T00:00:02.3340000Z,2020-09-17T23:59:45.3010000Z,1.0004,1.0009,0.9998,1.0001,11409570.5762279,11566
2020-09-18T00:00:00.0000000Z,2020-09-19T00:00:00.0000000Z,2020-09-18T00:00:03.0750000Z,2020-09-18T23:59:56.3600000Z,1.0001,1.0007,0.9998,1.0001,20749829.6377902,13986
2020-09-19T00:00:00.0000000Z,2020-09-20T00:00:00.0000000Z,2020-09-19T00:00:09.3920000Z,2020-09-19T23:59:28.4800000Z,1.0001,1.0006,0.9999,1.0,6289416.33076554,7912
2020-09-20T00:00:00.0000000Z,2020-09-21T00:00:00.0000000Z,2020-09-20T00:01:23.1360000Z,2020-09-20T23:59:49.2850000Z,1.0,1.0005,0.9997,1.0,6288253.18511284,7053
2020-09-21T00:00:00.0000000Z,2020-09-22T00:00:00.0000000Z,2020-09-21T00:00:54.8510000Z,2020-09-21T23:59:50.6620000Z,1.0,1.0005,0.9991,0.9999,21955900.41973445,13676
2020-09-22T00:00:00.0000000Z,2020-09-23T00:00:00.0000000Z,2020-09-22T00:00:05.3070000Z,2020-09-22T23:59:40.1610000Z,1.0,1.0008,0.9995,1.0,15812666.78944619,9814
2020-09-23T00:00:00.0000000Z,2020-09-24T00:00:00.0000000Z,2020-09-23T00:00:37.0230000Z,2020-09-23T23:59:58.4700000Z,1.0001,1.0009,0.9993,0.9995,18171885.14280911,13482
2020-09-24T00:00:00.0000000Z,2020-09-25T00:00:00.0000000Z,2020-09-24T00:00:26.6210000Z,2020-09-24T23:59:36.2500000Z,0.9995,1.0007,0.9992,1.0002,13835247.16072766,11663
2020-09-25T00:00:00.0000000Z,2020-09-26T00:00:00.0000000Z,2020-09-25T00:00:02.1130000Z,2020-09-25T23:59:54.1720000Z,1.0002,1.0124,0.9996,1.0005,12878877.15896901,11809
2020-09-26T00:00:00.0000000Z,2020-09-27T00:00:00.0000000Z,2020-09-26T00:00:01.5240000Z,2020-09-26T23:59:52.2120000Z,1.0005,1.0008,1.0002,1.0004,4104507.6170043,5696
2020-09-27T00:00:00.0000000Z,2020-09-28T00:00:00.0000000Z,2020-09-27T00:00:02.8560000Z,2020-09-27T23:59:26.3390000Z,1.0003,1.0007,1.0001,1.0002,4885163.42548152,5409
2020-09-28T00:00:00.0000000Z,2020-09-29T00:00:00.0000000Z,2020-09-28T00:00:04.6720000Z,2020-09-28T23:59:59.3400000Z,1.0003,1.0009,0.9996,0.9997,12318104.55126852,10543
2020-09-29T00:00:00.0000000Z,2020-09-30T00:00:00.0000000Z,2020-09-29T00:00:00.4350000Z,2020-09-29T23:59:01.5810000Z,0.9997,1.0005,0.9992,1.0,13300342.87272428,13429
2020-09-30T00:00:00.0000000Z,2020-10-01T00:00:00.0000000Z,2020-09-30T00:00:50.0340000Z,2020-09-30T23:52:03.9680000Z,1.0,1.0006,0.9994,1.0,12958532.60947768,10336
2020-10-01T00:00:00.0000000Z,2020-10-02T00:00:00.0000000Z,2020-10-01T00:04:24.3370000Z,2020-10-01T23:59:53.7640000Z,0.9999,1.0009,0.9995,0.9999,15686258.96170436,13382
2020-10-02T00:00:00.0000000Z,2020-10-03T00:00:00.0000000Z,2020-10-02T00:00:13.4200000Z,2020-10-02T23:59:30.8390000Z,0.9999,1.0008,0.9997,1.0003,14513618.79586165,13059
2020-10-03T00:00:00.0000000Z,2020-10-04T00:00:00.0000000Z,2020-10-03T00:00:16.5430000Z,2020-10-03T23:59:48.0820000Z,1.0001,1.0009,1.0001,1.0004,3286251.14346234,4223
2020-10-04T00:00:00.0000000Z,2020-10-05T00:00:00.0000000Z,2020-10-04T00:00:03.2680000Z,2020-10-04T23:58:24.0250000Z,1.0005,1.0008,1.0001,1.0004,3305922.35794291,4762
2020-10-05T00:00:00.0000000Z,2020-10-06T00:00:00.0000000Z,2020-10-05T00:00:16.8100000Z,2020-10-05T23:59:50.1270000Z,1.0003,1.002,0.9994,1.0004,21757433.4267918,8831
2020-10-06T00:00:00.0000000Z,2020-10-07T00:00:00.0000000Z,2020-10-06T00:00:02.5990000Z,2020-10-06T23:59:49.7680000Z,1.0003,1.0005,0.9995,0.9998,16284045.75039551,9795
2020-10-07T00:00:00.0000000Z,2020-10-08T00:00:00.0000000Z,2020-10-07T00:00:05.5470000Z,2020-10-07T23:59:49.1460000Z,0.9998,1.0012,0.9992,0.9999,18519811.45852178,11413
2020-10-08T00:00:00.0000000Z,2020-10-09T00:00:00.0000000Z,2020-10-08T00:00:03.3760000Z,2020-10-08T23:59:59.9780000Z,0.9999,1.001,0.9995,1.0006,13319272.83800894,11211
2020-10-09T00:00:00.0000000Z,2020-10-10T00:00:00.0000000Z,2020-10-09T00:01:07.8200000Z,2020-10-09T23:59:15.4130000Z,1.0006,1.0016,1.0002,1.0007,15482670.54637075,13494
2020-10-10T00:00:00.0000000Z,2020-10-11T00:00:00.0000000Z,2020-10-10T00:00:57.3490000Z,2020-10-10T23:59:16.7930000Z,1.0007,1.0012,1.0004,1.0007,4566138.41874972,6908
2020-10-11T00:00:00.0000000Z,2020-10-12T00:00:00.0000000Z,2020-10-11T00:00:19.3470000Z,2020-10-11T23:59:49.1530000Z,1.0007,1.0009,0.9999,1.0002,4830820.99594206,4876
2020-10-12T00:00:00.0000000Z,2020-10-13T00:00:00.0000000Z,2020-10-12T00:00:05.1250000Z,2020-10-12T23:59:59.2170000Z,1.0002,1.0009,0.9999,1.0006,10859784.29749191,10904
2020-10-13T00:00:00.0000000Z,2020-10-14T00:00:00.0000000Z,2020-10-13T00:00:23.5840000Z,2020-10-13T23:59:23.4340000Z,1.0006,1.0015,1.0,1.0007,14849415.54691552,9897
2020-10-14T00:00:00.0000000Z,2020-10-15T00:00:00.0000000Z,2020-10-14T00:00:06.2360000Z,2020-10-14T23:59:43.5730000Z,1.0007,1.0011,1.0003,1.0008,14921522.19435687,10516
2020-10-15T00:00:00.0000000Z,2020-10-16T00:00:00.0000000Z,2020-10-15T00:00:10.3280000Z,2020-10-15T23:59:49.3420000Z,1.0008,1.0009,1.0,1.0008,15607024.00773874,10029
2020-10-16T00:00:00.0000000Z,2020-10-17T00:00:00.0000000Z,2020-10-16T00:00:05.1140000Z,2020-10-16T23:59:51.0210000Z,1.0007,1.0016,1.0003,1.0008,15800612.89697933,11525
2020-10-17T00:00:00.0000000Z,2020-10-18T00:00:00.0000000Z,2020-10-17T00:00:05.5630000Z,2020-10-17T23:52:34.3050000Z,1.0008,1.0009,1.0004,1.0004,3568773.58109397,2993
2020-10-18T00:00:00.0000000Z,2020-10-19T00:00:00.0000000Z,2020-10-18T00:05:46.3720000Z,2020-10-18T23:58:27.3260000Z,1.0005,1.0008,1.0004,1.0005,2697401.85979001,3522
2020-10-19T00:00:00.0000000Z,2020-10-20T00:00:00.0000000Z,2020-10-19T00:00:03.2570000Z,2020-10-19T23:59:33.9100000Z,1.0004,1.001,0.9999,1.0006,19458617.2852829,10202
2020-10-20T00:00:00.0000000Z,2020-10-21T00:00:00.0000000Z,2020-10-20T00:00:27.4400000Z,2020-10-20T23:59:49.8980000Z,1.0007,1.0012,1.0003,1.001,13278380.39385748,9509
2020-10-21T00:00:00.0000000Z,2020-10-22T00:00:00.0000000Z,2020-10-21T00:00:05.4920000Z,2020-10-21T23:59:54.0810000Z,1.001,1.0025,1.0005,1.0018,20282892.39908151,18086
2020-10-22T00:00:00.0000000Z,2020-10-23T00:00:00.0000000Z,2020-10-22T00:00:04.4430000Z,2020-10-22T23:59:52.9510000Z,1.0019,1.002,1.0005,1.0009,17379584.53051286,16369
2020-10-23T00:00:00.0000000Z,2020-10-24T00:00:00.0000000Z,2020-10-23T00:00:00.8660000Z,2020-10-23T23:59:21.7980000Z,1.001,1.0014,1.0003,1.001,13885496.64455678,12698
2020-10-24T00:00:00.0000000Z,2020-10-25T00:00:00.0000000Z,2020-10-24T00:00:13.2800000Z,2020-10-24T23:59:32.9610000Z,1.001,1.0014,1.0006,1.0009,4803026.67919252,4661
2020-10-25T00:00:00.0000000Z,2020-10-26T00:00:00.0000000Z,2020-10-25T00:00:03.9380000Z,2020-10-25T23:59:41.9280000Z,1.0009,1.0015,1.0005,1.0007,5504107.49469432,6876
2020-10-26T00:00:00.0000000Z,2020-10-27T00:00:00.0000000Z,2020-10-26T00:00:01.2370000Z,2020-10-26T23:59:52.4120000Z,1.0007,1.0014,1.0004,1.0012,11829730.09790912,13502
2020-10-27T00:00:00.0000000Z,2020-10-28T00:00:00.0000000Z,2020-10-27T00:00:07.9370000Z,2020-10-27T23:59:47.1300000Z,1.0013,1.0013,1.0001,1.0007,17070992.75722387,14180
2020-10-28T00:00:00.0000000Z,2020-10-29T00:00:00.0000000Z,2020-10-28T00:00:01.2100000Z,2020-10-28T23:58:52.9280000Z,1.0006,1.0009,1.0,1.0006,14439615.12481918,15028
2020-10-29T00:00:00.0000000Z,2020-10-30T00:00:00.0000000Z,2020-10-29T00:00:03.4180000Z,2020-10-29T23:59:37.3130000Z,1.0007,1.0011,1.0,1.0005,14182352.32425618,13836
2020-10-30T00:00:00.0000000Z,2020-10-31T00:00:00.0000000Z,2020-10-30T00:00:06.9010000Z,2020-10-30T23:59:55.0440000Z,1.0004,1.0012,1.0,1.0007,17741348.85178308,12998
2020-10-31T00:00:00.0000000Z,2020-11-01T00:00:00.0000000Z,2020-10-31T00:00:15.0490000Z,2020-10-31T23:59:03.8720000Z,1.0007,1.001,1.0002,1.0009,6740012.45511136,5255
2020-11-01T00:00:00.0000000Z,2020-11-02T00:00:00.0000000Z,2020-11-01T00:00:03.8980000Z,2020-11-01T23:59:58.7000000Z,1.0009,1.001,1.0004,1.0008,3771189.59514038,4551
2020-11-02T00:00:00.0000000Z,2020-11-03T00:00:00.0000000Z,2020-11-02T00:00:00.0930000Z,2020-11-02T23:57:49.9080000Z,1.0008,1.001,1.0002,1.0009,17134335.06649304,11467
2020-11-03T00:00:00.0000000Z,2020-11-04T00:00:00.0000000Z,2020-11-03T00:00:01.2170000Z,2020-11-03T23:59:47.9330000Z,1.0008,1.001,0.9992,1.0005,17210966.65569222,13104
2020-11-04T00:00:00.0000000Z,2020-11-05T00:00:00.0000000Z,2020-11-04T00:00:07.9450000Z,2020-11-04T23:57:05.9220000Z,1.0005,1.0015,1.0,1.0015,18942482.31558968,11722
2020-11-05T00:00:00.0000000Z,2020-11-06T00:00:00.0000000Z,2020-11-05T00:00:12.8960000Z,2020-11-05T23:59:35.7390000Z,1.0014,1.0019,1.0005,1.0013,33495293.61672844,21091
2020-11-06T00:00:00.0000000Z,2020-11-07T00:00:00.0000000Z,2020-11-06T00:00:12.5270000Z,2020-11-06T23:59:49.7310000Z,1.0013,1.0017,1.0004,1.0014,23943094.03410914,17563
2020-11-07T00:00:00.0000000Z,2020-11-08T00:00:00.0000000Z,2020-11-07T00:00:10.6950000Z,2020-11-07T23:58:58.3540000Z,1.0014,1.0016,0.9997,1.0012,16395025.55153868,16803
2020-11-08T00:00:00.0000000Z,2020-11-09T00:00:00.0000000Z,2020-11-08T00:00:08.8760000Z,2020-11-08T23:59:30.2370000Z,1.0012,1.0016,0.9999,1.0004,12845248.44398052,12962
2020-11-09T00:00:00.0000000Z,2020-11-10T00:00:00.0000000Z,2020-11-09T00:00:09.8230000Z,2020-11-09T23:59:50.5440000Z,1.0004,1.0013,1.0,1.0005,17301455.70557726,14775
2020-11-10T00:00:00.0000000Z,2020-11-11T00:00:00.0000000Z,2020-11-10T00:00:02.8220000Z,2020-11-10T23:59:48.7310000Z,1.0005,1.0015,1.0003,1.0014,20632533.85030507,16956
2020-11-11T00:00:00.0000000Z,2020-11-12T00:00:00.0000000Z,2020-11-11T00:00:08.5620000Z,2020-11-11T23:59:43.3570000Z,1.0015,1.0016,1.0007,1.0011,20818324.30178276,16731
2020-11-12T00:00:00.0000000Z,2020-11-13T00:00:00.0000000Z,2020-11-12T00:00:06.9400000Z,2020-11-12T23:59:41.3700000Z,1.0011,1.0018,1.0005,1.0008,29173186.76101298,20566
2020-11-13T00:00:00.0000000Z,2020-11-14T00:00:00.0000000Z,2020-11-13T00:00:04.6990000Z,2020-11-13T23:59:09.1770000Z,1.0008,1.0014,1.0004,1.001,26679873.26323312,17298
2020-11-14T00:00:00.0000000Z,2020-11-15T00:00:00.0000000Z,2020-11-14T00:00:00.0670000Z,2020-11-14T23:59:32.8280000Z,1.001,1.0011,1.0004,1.0009,9440530.22957576,10561
2020-11-15T00:00:00.0000000Z,2020-11-16T00:00:00.0000000Z,2020-11-15T00:00:13.4470000Z,2020-11-15T23:59:52.0650000Z,1.0009,1.0011,1.0,1.0008,9027607.46122591,10651
2020-11-16T00:00:00.0000000Z,2020-11-17T00:00:00.0000000Z,2020-11-16T00:00:03.4490000Z,2020-11-16T23:59:38.4270000Z,1.0007,1.001,1.0,1.0007,23437280.48072075,17968
2020-11-17T00:00:00.0000000Z,2020-11-18T00:00:00.0000000Z,2020-11-17T00:00:00.1500000Z,2020-11-17T23:59:45.9030000Z,1.0007,1.0014,0.9999,1.0011,27722883.07109741,24104
2020-11-18T00:00:00.0000000Z,2020-11-19T00:00:00.0000000Z,2020-11-18T00:00:02.0010000Z,2020-11-18T23:59:11.1380000Z,1.0012,1.12,1.0,1.001,32422150.68727467,22676
2020-11-19T00:00:00.0000000Z,2020-11-20T00:00:00.0000000Z,2020-11-19T00:00:03.3880000Z,2020-11-19T23:59:22.2160000Z,1.001,1.0013,1.0001,1.0011,21622248.21546901,17778
2020-11-20T00:00:00.0000000Z,2020-11-21T00:00:00.0000000Z,2020-11-20T00:00:07.3260000Z,2020-11-20T23:59:59.2060000Z,1.0011,1.0013,1.0,1.001,27751641.53719587,25503
2020-11-21T00:00:00.0000000Z,2020-11-22T00:00:00.0000000Z,2020-11-21T00:00:00.5520000Z,2020-11-21T23:59:48.4120000Z,1.0009,1.0013,1.0004,1.0006,15619840.87619148,24690
2020-11-22T00:00:00.0000000Z,2020-11-23T00:00:00.0000000Z,2020-11-22T00:00:14.9740000Z,2020-11-22T23:59:58.9450000Z,1.0006,1.002,0.9999,1.001,20001388.56126369,27978
2020-11-23T00:00:00.0000000Z,2020-11-24T00:00:00.0000000Z,2020-11-23T00:00:10.5330000Z,2020-11-23T23:59:56.1120000Z,1.0011,1.0012,1.0002,1.0007,39176350.51150378,36331
2020-11-24T00:00:00.0000000Z,2020-11-25T00:00:00.0000000Z,2020-11-24T00:00:02.0080000Z,2020-11-24T23:59:55.5910000Z,1.0007,1.009,1.0,1.0007,48317278.23571704,58252
2020-11-25T00:00:00.0000000Z,2020-11-26T00:00:00.0000000Z,2020-11-25T00:00:02.8780000Z,2020-11-25T23:59:55.3080000Z,1.0007,1.05,0.9998,1.0001,40940912.16326477,37827
2020-11-26T00:00:00.0000000Z,2020-11-27T00:00:00.0000000Z,2020-11-26T00:00:04.8090000Z,2020-11-26T23:59:37.4290000Z,1.0001,1.0042,0.9981,1.0008,42899470.5813359,57564
2020-11-27T00:00:00.0000000Z,2020-11-28T00:00:00.0000000Z,2020-11-27T00:00:00.9330000Z,2020-11-27T23:59:59.9340000Z,1.0008,1.0013,0.9992,1.0004,29549292.43447304,27401
2020-11-28T00:00:00.0000000Z,2020-11-29T00:00:00.0000000Z,2020-11-28T00:00:00.0790000Z,2020-11-28T23:59:02.2330000Z,1.0004,1.0018,1.0003,1.0007,18340262.24317265,18039
2020-11-29T00:00:00.0000000Z,2020-11-30T00:00:00.0000000Z,2020-11-29T00:00:05.3640000Z,2020-11-29T23:59:59.6990000Z,1.0007,1.0013,1.0003,1.0009,13194720.96502055,15252
2020-11-30T00:00:00.0000000Z,2020-12-01T00:00:00.0000000Z,2020-11-30T00:00:04.6340000Z,2020-11-30T23:59:51.8840000Z,1.0009,1.0012,0.9988,1.0005,45268915.87947802,33976
2020-12-01T00:00:00.0000000Z,2020-12-02T00:00:00.0000000Z,2020-12-01T00:00:03.6930000Z,2020-12-01T23:59:56.4670000Z,1.0007,1.0022,0.9995,1.0008,48125768.09842639,37342
2020-12-02T00:00:00.0000000Z,2020-12-03T00:00:00.0000000Z,2020-12-02T00:00:06.8520000Z,2020-12-02T23:59:40.7110000Z,1.0009,1.0009,0.9997,1.0007,46748843.38630075,26514
2020-12-03T00:00:00.0000000Z,2020-12-04T00:00:00.0000000Z,2020-12-03T00:00:03.9160000Z,2020-12-03T23:59:47.3050000Z,1.0006,1.0012,1.0001,1.0007,55082993.71100185,24811
2020-12-04T00:00:00.0000000Z,2020-12-05T00:00:00.0000000Z,2020-12-04T00:00:04.5530000Z,2020-12-04T23:59:59.3240000Z,1.0007,1.0012,0.9999,1.0002,46683675.571895,32849
2020-12-05T00:00:00.0000000Z,2020-12-06T00:00:00.0000000Z,2020-12-05T00:00:01.5200000Z,2020-12-05T23:59:48.2440000Z,1.0002,1.0012,1.0001,1.0004,14412272.85518112,14599
2020-12-06T00:00:00.0000000Z,2020-12-07T00:00:00.0000000Z,2020-12-06T00:00:01.8190000Z,2020-12-06T23:59:24.0860000Z,1.0004,1.0009,1.0002,1.0006,11535610.01670014,23240
2020-12-07T00:00:00.0000000Z,2020-12-08T00:00:00.0000000Z,2020-12-07T00:00:05.3210000Z,2020-12-07T23:59:59.2130000Z,1.0006,1.0011,0.9996,1.0003,38602740.03843234,20551
2020-12-08T00:00:00.0000000Z,2020-12-09T00:00:00.0000000Z,2020-12-08T00:00:28.6790000Z,2020-12-08T23:59:42.9970000Z,1.0004,1.0004,0.998,0.9993,49839739.13041226,23392
2020-12-09T00:00:00.0000000Z,2020-12-10T00:00:00.0000000Z,2020-12-09T00:00:00.8870000Z,2020-12-09T23:59:56.1520000Z,0.9992,1.002,0.9989,1.0003,64887651.46923217,32747
2020-12-10T00:00:00.0000000Z,2020-12-11T00:00:00.0000000Z,2020-12-10T00:00:05.3300000Z,2020-12-10T23:59:46.6290000Z,1.0002,1.0004,0.999,1.0001,47579783.74198532,27644
2020-12-11T00:00:00.0000000Z,2020-12-12T00:00:00.0000000Z,2020-12-11T00:00:02.9230000Z,2020-12-11T23:59:59.8230000Z,1.0,1.0005,0.999,1.0,54824184.89321811,34754
2020-12-12T00:00:00.0000000Z,2020-12-13T00:00:00.0000000Z,2020-12-12T00:00:00.0060000Z,2020-12-12T23:59:27.9690000Z,1.0,1.0009,0.9997,1.0004,12435503.86953654,13608
2020-12-13T00:00:00.0000000Z,2020-12-14T00:00:00.0000000Z,2020-12-13T00:00:02.7460000Z,2020-12-13T23:59:58.2950000Z,1.0005,1.0009,0.9993,0.9993,16715287.31804948,14626
2020-12-14T00:00:00.0000000Z,2020-12-15T00:00:00.0000000Z,2020-12-14T00:00:00.5080000Z,2020-12-14T23:59:46.3920000Z,0.9993,1.0,0.9991,0.9997,29361017.16696065,12976
2020-12-15T00:00:00.0000000Z,2020-12-16T00:00:00.0000000Z,2020-12-15T00:00:03.6560000Z,2020-12-15T23:59:47.0000000Z,0.9997,1.0007,0.9995,1.0003,35458005.48000382,21081
2020-12-16T00:00:00.0000000Z,2020-12-17T00:00:00.0000000Z,2020-12-16T00:00:02.5220000Z,2020-12-16T23:59:59.7030000Z,1.0004,1.003,0.9998,1.001,64590142.32104292,40059
2020-12-17T00:00:00.0000000Z,2020-12-18T00:00:00.0000000Z,2020-12-17T00:00:01.6470000Z,2020-12-17T23:59:46.9220000Z,1.001,1.0012,0.9986,1.0004,115722769.5939083,66686
2020-12-18T00:00:00.0000000Z,2020-12-19T00:00:00.0000000Z,2020-12-18T00:00:13.8400000Z,2020-12-18T23:59:54.7870000Z,1.0003,1.0012,0.9999,1.001,15267356.2972281,9966
2020-12-19T00:00:00.0000000Z,2020-12-20T00:00:00.0000000Z,2020-12-19T00:00:03.6000000Z,2020-12-19T23:59:53.5880000Z,1.001,1.0018,1.0004,1.001,25311836.77288818,22210
2020-12-20T00:00:00.0000000Z,2020-12-21T00:00:00.0000000Z,2020-12-20T00:00:00.4040000Z,2020-12-20T23:59:47.0220000Z,1.0011,1.0015,1.0,1.0007,32291960.87136093,29934
2020-12-21T00:00:00.0000000Z,2020-12-22T00:00:00.0000000Z,2020-12-21T00:00:03.4670000Z,2020-12-21T23:59:53.1160000Z,1.0007,1.0075,0.9987,1.0,75528149.83910322,47285
2020-12-22T00:00:00.0000000Z,2020-12-23T00:00:00.0000000Z,2020-12-22T00:00:01.5880000Z,2020-12-22T23:59:59.7390000Z,1.0001,1.0007,0.999,1.0001,56582707.69519341,44543
2020-12-23T00:00:00.0000000Z,2020-12-24T00:00:00.0000000Z,2020-12-23T00:00:00.7820000Z,2020-12-23T23:59:58.4890000Z,1.0001,1.0007,0.9982,0.9999,51472460.97611992,55612
2020-12-24T00:00:00.0000000Z,2020-12-25T00:00:00.0000000Z,2020-12-24T00:00:01.2830000Z,2020-12-24T23:59:59.4060000Z,0.9999,1.0016,0.999,0.9998,40358543.85118238,37908
2020-12-25T00:00:00.0000000Z,2020-12-26T00:00:00.0000000Z,2020-12-25T00:00:00.7380000Z,2020-12-25T23:59:56.7790000Z,0.9998,1.0004,0.999,0.9998,24815880.15245537,32837
2020-12-26T00:00:00.0000000Z,2020-12-27T00:00:00.0000000Z,2020-12-26T00:00:05.2590000Z,2020-12-26T23:59:58.8800000Z,0.9998,1.0004,0.9987,0.9992,25784132.27888273,28668
2020-12-27T00:00:00.0000000Z,2020-12-28T00:00:00.0000000Z,2020-12-27T00:00:04.1800000Z,2020-12-27T23:59:53.2860000Z,0.9993,0.9997,0.9969,0.9987,36911913.88251822,43110
2020-12-28T00:00:00.0000000Z,2020-12-29T00:00:00.0000000Z,2020-12-28T00:00:02.0190000Z,2020-12-28T23:59:54.5440000Z,0.9988,1.0,0.9976,0.9982,48445050.73085926,52366
2020-12-29T00:00:00.0000000Z,2020-12-30T00:00:00.0000000Z,2020-12-29T00:00:04.1350000Z,2020-12-29T23:59:59.6820000Z,0.9982,0.9999,0.9916,0.9991,58646052.77510322,58595
2020-12-30T00:00:00.0000000Z,2020-12-31T00:00:00.0000000Z,2020-12-30T00:00:00.9870000Z,2020-12-30T23:59:08.6650000Z,0.9991,1.0007,0.9982,1.0005,56357343.45598285,46326
2020-12-31T00:00:00.0000000Z,2021-01-01T00:00:00.0000000Z,2020-12-31T00:00:06.8410000Z,2020-12-31T23:59:57.3780000Z,1.0005,1.0013,0.9989,1.001,68001406.55793858,35861
2021-01-01T00:00:00.0000000Z,2021-01-02T00:00:00.0000000Z,2021-01-01T00:00:04.3080000Z,2021-01-01T23:59:59.8840000Z,1.0011,1.0067,0.9997,1.0024,102956384.27175786,38477
2021-01-02T00:00:00.0000000Z,2021-01-03T00:00:00.0000000Z,2021-01-02T00:00:04.7810000Z,2021-01-02T23:59:59.6300000Z,1.0024,1.0028,0.9975,1.0009,79821757.05124234,55852
2021-01-03T00:00:00.0000000Z,2021-01-04T00:00:00.0000000Z,2021-01-03T00:00:00.5990000Z,2021-01-03T23:59:58.8430000Z,1.0009,1.0039,0.9997,1.0013,73120815.1583452,80836
2021-01-04T00:00:00.0000000Z,2021-01-05T00:00:00.0000000Z,2021-01-04T00:00:02.0360000Z,2021-01-04T23:59:58.7220000Z,1.0013,1.0066,0.9985,1.0007,102381575.57987939,104714
2021-01-05T00:00:00.0000000Z,2021-01-06T00:00:00.0000000Z,2021-01-05T00:00:01.2100000Z,2021-01-05T23:59:59.1980000Z,1.0007,1.004,1.0,1.0028,66540036.51732137,55330
2021-01-06T00:00:00.0000000Z,2021-01-07T00:00:00.0000000Z,2021-01-06T00:00:02.7070000Z,2021-01-06T23:59:59.5710000Z,1.0029,1.004,1.0,1.0022,124314120.2283793,66372
2021-01-07T00:00:00.0000000Z,2021-01-08T00:00:00.0000000Z,2021-01-07T00:00:00.0570000Z,2021-01-07T23:59:57.4540000Z,1.0022,1.004,1.0,1.0012,99084748.88826546,84646
2021-01-08T00:00:00.0000000Z,2021-01-09T00:00:00.0000000Z,2021-01-08T00:00:00.7520000Z,2021-01-08T23:59:58.9200000Z,1.0012,1.008,0.9996,1.0011,98546599.12458639,62900
2021-01-09T00:00:00.0000000Z,2021-01-10T00:00:00.0000000Z,2021-01-09T00:00:10.1050000Z,2021-01-09T23:59:59.5950000Z,1.0011,1.0042,0.999,1.0038,81140223.7573094,40279
2021-01-10T00:00:00.0000000Z,2021-01-11T00:00:00.0000000Z,2021-01-10T00:00:00.5910000Z,2021-01-10T23:59:57.9810000Z,1.0038,1.0038,0.998,1.0,91532245.54688989,72861
2021-01-11T00:00:00.0000000Z,2021-01-12T00:00:00.0000000Z,2021-01-11T00:00:00.6080000Z,2021-01-11T23:59:59.5410000Z,1.0,1.002,0.995,1.0008,104927397.72876257,86464
2021-01-12T00:00:00.0000000Z,2021-01-13T00:00:00.0000000Z,2021-01-12T00:00:00.4270000Z,2021-01-12T23:59:57.5350000Z,1.0008,1.0019,0.996,0.9998,91501011.81457563,75779
2021-01-13T00:00:00.0000000Z,2021-01-14T00:00:00.0000000Z,2021-01-13T00:00:00.9190000Z,2021-01-13T23:59:51.8520000Z,0.9997,1.0006,0.9961,1.0003,65583554.50420447,51140
2021-01-14T00:00:00.0000000Z,2021-01-15T00:00:00.0000000Z,2021-01-14T00:00:00.4210000Z,2021-01-14T23:59:59.4490000Z,1.0004,1.001,0.9983,0.9989,57025271.57982705,44044
2021-01-15T00:00:00.0000000Z,2021-01-16T00:00:00.0000000Z,2021-01-15T00:00:00.6450000Z,2021-01-15T23:59:59.5460000Z,0.9988,1.0005,0.9978,1.0,60130917.27694546,43653
2021-01-16T00:00:00.0000000Z,2021-01-17T00:00:00.0000000Z,2021-01-16T00:00:00.2620000Z,2021-01-16T23:59:58.3420000Z,1.0001,1.0015,0.9994,0.9998,42340136.27236929,42953
2021-01-17T00:00:00.0000000Z,2021-01-18T00:00:00.0000000Z,2021-01-17T00:00:02.3720000Z,2021-01-17T23:59:56.8440000Z,0.9998,1.0022,0.995,0.9997,44622874.32602197,33841
2021-01-18T00:00:00.0000000Z,2021-01-19T00:00:00.0000000Z,2021-01-18T00:00:00.5580000Z,2021-01-18T23:59:52.3740000Z,0.9997,1.0009,0.9992,1.0001,44018848.34376612,35390
2021-01-19T00:00:00.0000000Z,2021-01-20T00:00:00.0000000Z,2021-01-19T00:00:01.9740000Z,2021-01-19T23:59:59.6910000Z,1.0001,1.0035,0.9994,1.0005,77703381.50949761,47786
2021-01-20T00:00:00.0000000Z,2021-01-21T00:00:00.0000000Z,2021-01-20T00:00:00.3470000Z,2021-01-20T23:59:27.9710000Z,1.0006,1.0042,0.9992,1.0007,68449658.998435,53676
2021-01-21T00:00:00.0000000Z,2021-01-22T00:00:00.0000000Z,2021-01-21T00:00:05.0660000Z,2021-01-21T23:59:49.3950000Z,1.0007,1.0007,0.9967,0.9991,80132934.7373504,58255
2021-01-22T00:00:00.0000000Z,2021-01-23T00:00:00.0000000Z,2021-01-22T00:00:00.5680000Z,2021-01-22T23:59:37.3250000Z,0.9993,1.0021,0.9954,1.0007,89463668.1766533,59575
2021-01-23T00:00:00.0000000Z,2021-01-24T00:00:00.0000000Z,2021-01-23T00:00:07.8860000Z,2021-01-23T23:59:58.1250000Z,1.0008,1.0015,1.0004,1.0008,28725872.39530067,22141
2021-01-24T00:00:00.0000000Z,2021-01-25T00:00:00.0000000Z,2021-01-24T00:00:15.5330000Z,2021-01-24T23:59:56.0680000Z,1.0008,1.0014,1.0001,1.001,27440228.48135349,19979
2021-01-25T00:00:00.0000000Z,2021-01-26T00:00:00.0000000Z,2021-01-25T00:00:02.1150000Z,2021-01-25T23:59:58.7970000Z,1.0011,1.0046,0.9993,1.0001,64696875.533103,39948
2021-01-26T00:00:00.0000000Z,2021-01-27T00:00:00.0000000Z,2021-01-26T00:00:03.9910000Z,2021-01-26T23:59:43.6170000Z,1.0001,1.0017,0.9991,1.0012,75175709.98439471,43869
2021-01-27T00:00:00.0000000Z,2021-01-28T00:00:00.0000000Z,2021-01-27T00:00:05.5930000Z,2021-01-27T23:59:58.7700000Z,1.0011,1.0023,0.999,1.0018,78902216.50451776,46898
2021-01-28T00:00:00.0000000Z,2021-01-29T00:00:00.0000000Z,2021-01-28T00:00:00.3030000Z,2021-01-28T23:59:49.6870000Z,1.0018,1.0057,1.0002,1.0027,98249515.95055841,42109
2021-01-29T00:00:00.0000000Z,2021-01-30T00:00:00.0000000Z,2021-01-29T00:00:01.1890000Z,2021-01-29T23:59:41.3030000Z,1.0027,1.005,0.9997,1.0004,108773655.5435919,59621
2021-01-30T00:00:00.0000000Z,2021-01-31T00:00:00.0000000Z,2021-01-30T00:00:07.3010000Z,2021-01-30T23:59:58.3630000Z,1.0004,1.003,0.9996,1.001,40059778.66772009,35550
2021-01-31T00:00:00.0000000Z,2021-02-01T00:00:00.0000000Z,2021-01-31T00:00:05.1260000Z,2021-01-31T23:59:55.7050000Z,1.0011,1.0012,1.0002,1.0008,37032642.56887822,30215
2021-02-01T00:00:00.0000000Z,2021-02-02T00:00:00.0000000Z,2021-02-01T00:00:00.3370000Z,2021-02-01T23:59:55.2960000Z,1.0008,1.0015,0.9983,1.0003,87672610.94390471,54117
2021-02-02T00:00:00.0000000Z,2021-02-03T00:00:00.0000000Z,2021-02-02T00:00:00.6690000Z,2021-02-02T23:59:59.2670000Z,1.0003,1.0012,0.9998,1.0008,61851639.22211662,45427
2021-02-03T00:00:00.0000000Z,2021-02-04T00:00:00.0000000Z,2021-02-03T00:00:02.6950000Z,2021-02-03T23:59:55.8200000Z,1.0009,1.0019,1.0001,1.0014,77980534.82885058,63790
2021-02-04T00:00:00.0000000Z,2021-02-05T00:00:00.0000000Z,2021-02-04T00:00:00.9180000Z,2021-02-04T23:59:57.2960000Z,1.0014,1.005,1.0003,1.0011,71381213.78481065,53445
2021-02-05T00:00:00.0000000Z,2021-02-06T00:00:00.0000000Z,2021-02-05T00:00:01.6170000Z,2021-02-05T23:59:59.8890000Z,1.0012,1.0018,1.0,1.0008,73696928.12310043,42818
2021-02-06T00:00:00.0000000Z,2021-02-07T00:00:00.0000000Z,2021-02-06T00:00:01.4840000Z,2021-02-06T23:59:51.4480000Z,1.0008,1.0024,1.0003,1.0015,45143913.52634739,43282
2021-02-07T00:00:00.0000000Z,2021-02-08T00:00:00.0000000Z,2021-02-07T00:00:05.6510000Z,2021-02-07T23:59:59.2330000Z,1.0015,1.0022,1.0004,1.0017,58532485.20390562,52241
2021-02-08T00:00:00.0000000Z,2021-02-09T00:00:00.0000000Z,2021-02-08T00:00:03.7020000Z,2021-02-08T23:59:59.2240000Z,1.0018,1.0041,1.0003,1.0012,112996627.00078668,79675
2021-02-09T00:00:00.0000000Z,2021-02-10T00:00:00.0000000Z,2021-02-09T00:00:05.9140000Z,2021-02-09T23:59:37.6430000Z,1.0013,1.0024,1.0,1.0015,77026903.59487867,56810
2021-02-10T00:00:00.0000000Z,2021-02-11T00:00:00.0000000Z,2021-02-10T00:00:10.3880000Z,2021-02-10T23:59:47.4110000Z,1.0014,1.0034,1.0001,1.0008,87140959.64535893,68335
2021-02-11T00:00:00.0000000Z,2021-02-12T00:00:00.0000000Z,2021-02-11T00:00:01.9220000Z,2021-02-11T23:59:58.0160000Z,1.0008,1.003,1.0001,1.0004,95826136.0044618,69108
2021-02-12T00:00:00.0000000Z,2021-02-13T00:00:00.0000000Z,2021-02-12T00:00:01.0880000Z,2021-02-12T23:59:58.3030000Z,1.0003,1.0025,1.0,1.0022,93970627.59759317,67347
2021-02-13T00:00:00.0000000Z,2021-02-14T00:00:00.0000000Z,2021-02-13T00:00:01.6120000Z,2021-02-13T23:59:58.3320000Z,1.0022,1.0023,1.0003,1.0013,51012173.61475171,69255
2021-02-14T00:00:00.0000000Z,2021-02-15T00:00:00.0000000Z,2021-02-14T00:00:10.1630000Z,2021-02-14T23:59:57.0260000Z,1.0013,1.0019,1.0,1.0012,62444476.85854341,47845
2021-02-15T00:00:00.0000000Z,2021-02-16T00:00:00.0000000Z,2021-02-15T00:00:05.0230000Z,2021-02-15T23:59:49.9120000Z,1.0012,1.003,1.0,1.0003,102216065.11158277,82726
2021-02-16T00:00:00.0000000Z,2021-02-17T00:00:00.0000000Z,2021-02-16T00:00:05.5680000Z,2021-02-16T23:59:59.1200000Z,1.0003,1.0015,0.9993,1.0002,74156836.05466369,51619
2021-02-17T00:00:00.0000000Z,2021-02-18T00:00:00.0000000Z,2021-02-17T00:00:00.3180000Z,2021-02-17T23:59:56.7160000Z,1.0002,1.0011,0.9996,1.0009,76461758.56623322,38024
2021-02-18T00:00:00.0000000Z,2021-02-19T00:00:00.0000000Z,2021-02-18T00:00:02.6550000Z,2021-02-18T23:59:59.7760000Z,1.0008,1.0009,0.9992,1.0002,87257559.01250474,50035
2021-02-19T00:00:00.0000000Z,2021-02-20T00:00:00.0000000Z,2021-02-19T00:00:03.1190000Z,2021-02-19T23:59:59.6550000Z,1.0002,1.0009,0.9989,1.0007,75980752.15486656,56241
2021-02-20T00:00:00.0000000Z,2021-02-21T00:00:00.0000000Z,2021-02-20T00:00:02.0730000Z,2021-02-20T23:59:51.9750000Z,1.0006,1.0018,0.9996,1.0008,81149571.91555732,68840
2021-02-21T00:00:00.0000000Z,2021-02-22T00:00:00.0000000Z,2021-02-21T00:00:00.8630000Z,2021-02-21T23:59:44.4430000Z,1.0008,1.0012,0.9999,1.0012,39465831.62332504,35404
2021-02-22T00:00:00.0000000Z,2021-02-23T00:00:00.0000000Z,2021-02-22T00:00:18.9130000Z,2021-02-22T23:59:59.7080000Z,1.0011,1.0022,0.9982,1.0007,127044773.12832554,89943
2021-02-23T00:00:00.0000000Z,2021-02-24T00:00:00.0000000Z,2021-02-23T00:00:01.8880000Z,2021-02-23T23:59:59.9890000Z,1.0008,1.003,0.998,1.0003,177513042.39829177,107401
2021-02-24T00:00:00.0000000Z,2021-02-25T00:00:00.0000000Z,2021-02-24T00:00:01.8850000Z,2021-02-24T23:59:57.2810000Z,1.0003,1.003,0.9998,1.001,152572282.03010264,92315
2021-02-25T00:00:00.0000000Z,2021-02-26T00:00:00.0000000Z,2021-02-25T00:00:03.6650000Z,2021-02-25T23:59:56.7630000Z,1.0009,1.0019,0.9997,1.0,110774737.69296204,53721
2021-02-26T00:00:00.0000000Z,2021-02-27T00:00:00.0000000Z,2021-02-26T00:00:00.0580000Z,2021-02-26T23:59:58.3070000Z,1.0001,1.001,0.9992,1.0001,144769723.66941378,62210
2021-02-27T00:00:00.0000000Z,2021-02-28T00:00:00.0000000Z,2021-02-27T00:00:14.6290000Z,2021-02-27T23:59:59.9750000Z,1.0001,1.0013,0.9991,1.001,56006844.63409855,31143
2021-02-28T00:00:00.0000000Z,2021-03-01T00:00:00.0000000Z,2021-02-28T00:00:00.3410000Z,2021-02-28T23:59:59.3130000Z,1.001,1.0024,1.0,1.0016,52313509.19362244,31730
2021-03-01T00:00:00.0000000Z,2021-03-02T00:00:00.0000000Z,2021-03-01T00:00:02.3230000Z,2021-03-01T23:59:53.8440000Z,1.0016,1.0024,1.0,1.0007,98239540.74340637,42394
2021-03-02T00:00:00.0000000Z,2021-03-03T00:00:00.0000000Z,2021-03-02T00:00:00.1370000Z,2021-03-02T23:59:56.5970000Z,1.0007,1.0018,1.0001,1.001,133906454.1056678,65036
2021-03-03T00:00:00.0000000Z,2021-03-04T00:00:00.0000000Z,2021-03-03T00:00:06.7030000Z,2021-03-03T23:59:29.7880000Z,1.001,1.0011,1.0,1.0003,71128017.72739485,30787
2021-03-04T00:00:00.0000000Z,2021-03-05T00:00:00.0000000Z,2021-03-04T00:15:42.3500000Z,2021-03-04T23:59:52.4490000Z,1.0004,1.0009,0.999,0.9998,99110668.93407167,60487
2021-03-05T00:00:00.0000000Z,2021-03-06T00:00:00.0000000Z,2021-03-05T00:00:10.5700000Z,2021-03-05T23:59:41.5310000Z,0.9998,1.0008,0.9987,1.0004,87540540.96138304,52397
2021-03-06T00:00:00.0000000Z,2021-03-07T00:00:00.0000000Z,2021-03-06T00:00:05.5550000Z,2021-03-06T23:59:35.4770000Z,1.0004,1.0006,0.9991,1.0005,60534518.12987942,27462
2021-03-07T00:00:00.0000000Z,2021-03-08T00:00:00.0000000Z,2021-03-07T00:00:05.4430000Z,2021-03-07T23:59:59.3770000Z,1.0005,1.0008,0.9998,1.0003,55722375.28732473,29689
2021-03-08T00:00:00.0000000Z,2021-03-09T00:00:00.0000000Z,2021-03-08T00:00:03.3330000Z,2021-03-08T23:59:57.1550000Z,1.0003,1.0008,0.9993,1.0005,98039715.48592912,49819
2021-03-09T00:00:00.0000000Z,2021-03-10T00:00:00.0000000Z,2021-03-09T00:00:04.8550000Z,2021-03-09T23:59:55.7850000Z,1.0003,1.0008,0.9999,1.0006,100391462.51818874,67845
2021-03-10T00:00:00.0000000Z,2021-03-11T00:00:00.0000000Z,2021-03-10T00:00:00.1480000Z,2021-03-10T23:59:59.1030000Z,1.0005,1.0008,0.9998,1.0002,112892439.01442374,60050
2021-03-11T00:00:00.0000000Z,2021-03-12T00:00:00.0000000Z,2021-03-11T00:00:00.7370000Z,2021-03-11T23:59:52.8950000Z,1.0002,1.0005,0.9994,1.0003,113709640.79928999,60806
2021-03-12T00:00:00.0000000Z,2021-03-13T00:00:00.0000000Z,2021-03-12T00:00:00.6100000Z,2021-03-12T23:59:53.1620000Z,1.0003,1.0004,0.9995,1.0,85880607.17270352,47361
2021-03-13T00:00:00.0000000Z,2021-03-14T00:00:00.0000000Z,2021-03-13T00:00:07.1770000Z,2021-03-13T23:59:59.5530000Z,1.0,1.0002,0.998,0.9996,109741602.49689557,60880
2021-03-14T00:00:00.0000000Z,2021-03-15T00:00:00.0000000Z,2021-03-14T00:00:00.7940000Z,2021-03-14T23:59:57.8450000Z,0.9997,1.0004,0.9993,1.0,61730498.56469566,40987
2021-03-15T00:00:00.0000000Z,2021-03-16T00:00:00.0000000Z,2021-03-15T00:00:00.5140000Z,2021-03-15T23:59:57.7900000Z,1.0001,1.0009,0.9975,1.0001,145453892.33723512,88933
2021-03-16T00:00:00.0000000Z,2021-03-17T00:00:00.0000000Z,2021-03-16T00:00:00.6440000Z,2021-03-16T23:59:54.4770000Z,1.0001,1.0004,0.999,1.0002,139031389.2844528,78971
2021-03-17T00:00:00.0000000Z,2021-03-18T00:00:00.0000000Z,2021-03-17T00:00:02.0770000Z,2021-03-17T23:59:59.9930000Z,1.0002,1.0011,0.9999,1.0,144765045.6681283,102516
2021-03-18T00:00:00.0000000Z,2021-03-19T00:00:00.0000000Z,2021-03-18T00:00:02.5700000Z,2021-03-18T23:59:58.7360000Z,1.0,1.0002,0.9965,0.9999,115528463.61525257,57317
2021-03-19T00:00:00.0000000Z,2021-03-20T00:00:00.0000000Z,2021-03-19T00:00:03.7860000Z,2021-03-19T23:59:56.1380000Z,0.9999,1.0003,0.9995,1.0001,86989039.55213834,42917
2021-03-20T00:00:00.0000000Z,2021-03-21T00:00:00.0000000Z,2021-03-20T00:00:03.2750000Z,2021-03-20T23:59:44.7820000Z,1.0001,1.0005,0.9999,1.0,66242685.40889076,33824
2021-03-21T00:00:00.0000000Z,2021-03-22T00:00:00.0000000Z,2021-03-21T00:00:11.4610000Z,2021-03-21T23:59:51.6610000Z,1.0001,1.0009,0.9999,1.0004,55254858.21612051,30221
2021-03-22T00:00:00.0000000Z,2021-03-23T00:00:00.0000000Z,2021-03-22T00:00:01.2640000Z,2021-03-22T23:59:55.5610000Z,1.0004,1.0008,0.9997,1.0004,152451616.79694545,96330
2021-03-23T00:00:00.0000000Z,2021-03-24T00:00:00.0000000Z,2021-03-23T00:00:00.1920000Z,2021-03-23T23:59:57.0590000Z,1.0004,1.0008,0.9995,1.0,177508137.69052562,97182
2021-03-24T00:00:00.0000000Z,2021-03-25T00:00:00.0000000Z,2021-03-24T00:00:03.5500000Z,2021-03-24T23:59:55.6450000Z,1.0,1.0003,0.999,0.9999,113698476.79732779,74932
2021-03-25T00:00:00.0000000Z,2021-03-26T00:00:00.0000000Z,2021-03-25T00:00:02.4520000Z,2021-03-25T23:59:57.3890000Z,0.9999,1.0006,0.9993,1.0002,110635844.90574747,66058
2021-03-26T00:00:00.0000000Z,2021-03-27T00:00:00.0000000Z,2021-03-26T00:00:19.3150000Z,2021-03-26T23:59:59.6390000Z,1.0002,1.0012,1.0,1.0006,90231085.78382364,64791
2021-03-27T00:00:00.0000000Z,2021-03-28T00:00:00.0000000Z,2021-03-27T00:00:01.3270000Z,2021-03-27T23:59:59.8130000Z,1.0005,1.0008,0.9999,1.0002,74048203.94751944,38310
2021-03-28T00:00:00.0000000Z,2021-03-29T00:00:00.0000000Z,2021-03-28T00:00:00.1030000Z,2021-03-28T23:59:57.9740000Z,1.0002,1.0003,0.9994,0.9997,70263903.42313476,33610
2021-03-29T00:00:00.0000000Z,2021-03-30T00:00:00.0000000Z,2021-03-29T00:00:13.6770000Z,2021-03-29T23:59:58.9960000Z,0.9998,1.0004,0.9993,0.9998,116245770.51059002,58239
2021-03-30T00:00:00.0000000Z,2021-03-31T00:00:00.0000000Z,2021-03-30T00:00:03.6740000Z,2021-03-30T23:59:54.4670000Z,0.9999,1.002,0.9993,1.0003,108326271.87318845,58996
2021-03-31T00:00:00.0000000Z,2021-04-01T00:00:00.0000000Z,2021-03-31T00:00:00.4440000Z,2021-03-31T23:59:55.2770000Z,1.0003,1.0007,0.9995,1.0004,128013803.98068552,82696
2021-04-01T00:00:00.0000000Z,2021-04-02T00:00:00.0000000Z,2021-04-01T00:00:01.8650000Z,2021-04-01T23:59:58.3190000Z,1.0003,1.0006,0.9992,0.9997,144613529.96194032,68842
2021-04-02T00:00:00.0000000Z,2021-04-03T00:00:00.0000000Z,2021-04-02T00:00:00.1970000Z,2021-04-02T23:59:59.7330000Z,0.9997,1.0003,0.9989,1.0001,77173511.55593482,39034
2021-04-03T00:00:00.0000000Z,2021-04-04T00:00:00.0000000Z,2021-04-03T00:00:01.2850000Z,2021-04-03T23:59:38.8050000Z,1.0002,1.0004,0.9997,1.0004,45726983.84914188,25439
2021-04-04T00:00:00.0000000Z,2021-04-05T00:00:00.0000000Z,2021-04-04T00:00:07.7300000Z,2021-04-04T23:59:57.6300000Z,1.0004,1.0005,1.0,1.0003,32957194.01375987,19571
2021-04-05T00:00:00.0000000Z,2021-04-06T00:00:00.0000000Z,2021-04-05T00:00:00.4060000Z,2021-04-05T23:59:58.5860000Z,1.0001,1.0005,0.9996,1.0,95268445.16305578,54474
2021-04-06T00:00:00.0000000Z,2021-04-07T00:00:00.0000000Z,2021-04-06T00:00:07.5990000Z,2021-04-06T23:59:58.1560000Z,1.0,1.004,0.9992,1.0002,108135351.54808758,66960
2021-04-07T00:00:00.0000000Z,2021-04-08T00:00:00.0000000Z,2021-04-07T00:00:00.5500000Z,2021-04-07T23:59:56.8690000Z,1.0002,1.0007,0.9993,0.9998,157610778.98421317,94650
2021-04-08T00:00:00.0000000Z,2021-04-09T00:00:00.0000000Z,2021-04-08T00:00:03.7520000Z,2021-04-08T23:59:59.3080000Z,0.9998,1.0003,0.9994,0.9998,142322267.77856892,87257
2021-04-09T00:00:00.0000000Z,2021-04-10T00:00:00.0000000Z,2021-04-09T00:00:03.1960000Z,2021-04-09T23:59:51.1940000Z,0.9999,1.0017,0.9996,0.9996,113183567.11350442,56999
2021-04-10T00:00:00.0000000Z,2021-04-11T00:00:00.0000000Z,2021-04-10T00:00:11.7730000Z,2021-04-10T03:45:37.4070000Z,0.9996,0.9999,0.9994,0.9995,7239738.44039067,3405
2021-04-11T00:00:00.0000000Z,2021-04-12T00:00:00.0000000Z,2021-04-11T00:00:15.7330000Z,2021-04-11T23:59:51.2560000Z,0.9995,0.9996,0.9989,0.9993,40435024.64318122,28032
2021-04-12T00:00:00.0000000Z,2021-04-13T00:00:00.0000000Z,2021-04-12T00:00:11.6120000Z,2021-04-12T23:59:40.2440000Z,0.9992,1.0001,0.9989,0.9996,170950693.5492022,100013
2021-04-13T00:00:00.0000000Z,2021-04-14T00:00:00.0000000Z,2021-04-13T00:00:20.1370000Z,2021-04-13T23:59:58.2780000Z,0.9996,1.0009,0.9993,1.0001,155269381.72487128,83763
2021-04-14T00:00:00.0000000Z,2021-04-15T00:00:00.0000000Z,2021-04-14T00:00:00.5620000Z,2021-04-14T02:59:50.6240000Z,1.0002,1.0008,1.0001,1.0004,17369923.77334355,6216
2021-04-15T00:00:00.0000000Z,2021-04-16T00:00:00.0000000Z,2021-04-15T00:00:00.4510000Z,2021-04-15T23:26:09.3460000Z,1.0001,1.0016,0.9999,1.001,137677211.32269153,65745
